Title,Company,Skills,Location,Stipend,Duration
Python Developer,TechSoft,Python Pandas SQL,Hyderabad,15000,3 Months
Data Analyst,DataWorks,Python Pandas Excel SQL,Bangalore,18000,6 Months
Web Developer,WebTech,HTML CSS JavaScript,Hyderabad,12000,3 Months
Machine Learning Intern,AILabs,Python Machine Learning NumPy,Chennai,20000,6 Months
Java Developer,CodeTech,Java SQL Spring,Bangalore,16000,4 Months
Data Science Intern,DataCorp,Python Machine Learning Pandas,Bangalore,22000,6 Months
Frontend Developer,DesignTech,HTML CSS JavaScript React,Hyderabad,14000,3 Months
Python Intern,InnovateTech,Python Django SQL,Chennai,13000,3 Months
AI Intern,FutureAI,Python AI Machine Learning,Hyderabad,20000,6 Months
Business Analyst,MarketTech,Excel SQL Communication,Bangalore,17000,4 Months